[
  {
    "_id": "67bb4700cf27aaacdecfc6fb",
    "name": "Route 2",
    "startLocation": "67ba1677621221d972654a98",
    "endLocation": "67ba167f621221d972654a9d",
    "busses": [],
    "stops": [
      {
        "address": "67b9f40ecc047788ec61ae0d",
        "stopName": "Library",
        "order": 1,
        "_id": "67bb485bead2ef8abc78c618"
      },
      {
        "address": "67ba0d9c444a600ff4c1ac9c",
        "stopName": "Post Office",
        "order": 2,
        "_id": "67bb485bead2ef8abc78c619"
      }
    ],
    "createdAt": "2025-02-23T16:04:16.766Z",
    "updatedAt": "2025-02-23T16:10:03.516Z",
    "__v": 0
  },
  {
    "_id": "67bf1242a352620c0338fb64",
    "name": "Route 3",
    "startLocation": "67ba1677621221d972654a98",
    "endLocation": "67ba167f621221d972654a9d",
    "busses": [],
    "stops": [
      {
        "address": "67b9f40ecc047788ec61ae0d",
        "stopName": "ay 7aga",
        "order": 1,
        "_id": "67bf1242a352620c0338fb65"
      },
      {
        "address": "67ba0d9c444a600ff4c1ac9c",
        "stopName": "ay 7eta",
        "order": 2,
        "_id": "67bf1242a352620c0338fb66"
      }
    ],
    "createdAt": "2025-02-26T13:08:18.722Z",
    "updatedAt": "2025-02-26T13:08:18.722Z",
    "__v": 0
  }
]