[
  {
    "_id": "67b9f5c2444a600ff4c1ac8f",
    "name": "El Hossam Interantional School",
    "address": "67b9f40ecc047788ec61ae0d",
    "phoneNumber": [
      "01157375384"
    ],
    "email": [
      "hossam@gmail.com"
    ],
    "adminEmails": [
      "1@admin.com"
    ],
    "buses": [],
    "createdAt": "2025-02-22T16:05:22.313Z",
    "updatedAt": "2025-02-22T18:02:04.528Z",
    "__v": 0
  },
  {
    "_id": "67ba0db9444a600ff4c1aca2",
    "name": "Royal pyramids School",
    "address": "67ba0d9c444a600ff4c1ac9c",
    "phoneNumber": [
      "01157375384"
    ],
    "email": [
      "Royal@gmail.com"
    ],
    "adminEmails": [
      "3@school.com"
    ],
    "buses": [],
    "createdAt": "2025-02-22T17:47:37.297Z",
    "updatedAt": "2025-02-23T20:08:54.971Z",
    "__v": 0,
    "active": true
  },
  {
    "_id": "67bee7fa5668bf2832d8fe95",
    "name": "Mohamed International School",
    "address": "67ba11a0aa262b1c42816cb7",
    "phoneNumber": [
      "010201020106"
    ],
    "email": [
      "Mohamed@School.com"
    ],
    "adminEmails": [
      "5@school.com"
    ],
    "buses": [],
    "adminUsers": [
      "67bee7f95668bf2832d8fe93"
    ],
    "active": false,
    "createdAt": "2025-02-26T10:07:54.217Z",
    "updatedAt": "2025-02-26T10:07:54.217Z",
    "__v": 0
  },
  {
    "_id": "67c22566f5fbeb6576144f23",
    "name": "Modern Narmer Language School",
    "address": "67b9f416890459949c942fc4",
    "phoneNumber": [
      "+201234567890",
      "+201098765432"
    ],
    "email": [
      "info@modernnarmer.edu",
      "support@modernnarmer.edu"
    ],
    "adminEmails": [
      "narmer@email.com",
      "admin2@modernnarmer.edu"
    ],
    "website": "https://www.modernnarmer.edu",
    "buses": [],
    "adminUsers": [
      "67c21f3b24d7bccaab8da528",
      "67c21f3b24d7bccaab8da529"
    ],
    "active": false,
    "createdAt": "2025-02-28T21:06:46.455Z",
    "updatedAt": "2025-02-28T21:06:46.455Z",
    "__v": 0
  },
  {
    "_id": "67c2fc1c51458847889342ad",
    "buses": [],
    "adminUsers": [],
    "active": false,
    "createdAt": "2025-03-01T12:22:52.222Z",
    "updatedAt": "2025-03-01T12:22:52.222Z",
    "__v": 0
  },
  {
    "_id": "67c319fb5e4170cb37de4ffe",
    "buses": [],
    "adminUsers": [],
    "active": false,
    "createdAt": "2025-03-01T14:30:19.598Z",
    "updatedAt": "2025-03-01T14:30:19.598Z",
    "__v": 0
  }
]